"","author","institution","title","time","url"
"1","吳孟青","國立高雄海洋科技大學基礎教育中心","環境汙染專題報導（一）：石化產業與生活","2016/1/27","https://scitechvista.most.gov.tw/zh-tw/Feature/C/0/13/10/1/2208.htm"
"2","吳孟青","國立高雄海洋科技大學基礎教育中心","環境汙染專題報導（二）：五輕怎麼來的？","2016/1/27","https://scitechvista.most.gov.tw/zh-tw/Feature/C/0/13/10/1/2207.htm"
"3","高玉馨","國立高雄海洋科技大學基礎教育中心","環境汙染專題報導（三）：石化產業造成的空氣污染","2016/1/27","https://scitechvista.most.gov.tw/zh-tw/Feature/C/0/13/10/1/2206.htm"
"4","范賢娟","特約文字編輯","追求完美但不苛求完美的學者","2016/1/26","https://scitechvista.most.gov.tw/zh-tw/Feature/C/0/13/10/1/2204.htm"
"5","高玉馨","國立高雄海洋科技大學基礎教育中心","環境汙染專題報導（四）：石化產業造成的水污染","2016/1/26","https://scitechvista.most.gov.tw/zh-tw/Feature/C/0/13/10/1/2203.htm"
"6","王御風","國立高雄海洋科技大學基礎教育中心","環境汙染專題報導（五）：五輕後的後勁–產業與社區的影響","2016/1/26","https://scitechvista.most.gov.tw/zh-tw/Feature/C/0/13/10/1/2202.htm"
"7","劉珈均","台灣數位文化協會","機器人專題：導言","2016/1/26","https://scitechvista.most.gov.tw/zh-tw/Feature/C/0/13/10/1/2201.htm"
"8","劉珈均","台灣數位文化協會","機器人專題報導（一）：機器人發展與趨勢","2016/1/26","https://scitechvista.most.gov.tw/zh-tw/Feature/C/0/13/10/1/2200.htm"
"9","劉珈均","台灣數位文化協會","機器人專題報導（三）： 實地跟訪–水下機器人海上測試","2016/1/25","https://scitechvista.most.gov.tw/zh-tw/Feature/C/0/13/10/1/2198.htm"
"10","劉珈均","台灣數位文化協會","機器人專題報導（四）： 機器人也要打操性分數–機器人倫理","2016/1/25","https://scitechvista.most.gov.tw/zh-tw/Feature/C/0/13/10/1/2197.htm"
"11","陳妤寧","台灣數位文化協會","機器人專題報導（五）： 從A走到B有十種方式：機器人教育","2016/1/25","https://scitechvista.most.gov.tw/zh-tw/Feature/C/0/13/10/2/2196.htm"
"12","劉珈均","台灣數位文化協會","機器人專題報導（六）： 機器人競賽觀戰指南","2016/1/22","https://scitechvista.most.gov.tw/zh-tw/Feature/C/0/13/10/2/2195.htm"
"13","陳妤寧","台灣數位文化協會","穿戴裝置專題報導（導言）：穿戴式科技專題導論－回歸使用者，人類對於智慧穿戴的追尋和需求是？","2016/1/22","https://scitechvista.most.gov.tw/zh-tw/Feature/C/0/13/10/2/2194.htm"
"14","喻守謙","台灣數位文化協會","穿戴裝置專題報導（一）：從使用者體驗看，我們到底為何需要穿戴式設備？專訪資策會創新技術觀測組組長徐毓良（上）","2016/1/22","https://scitechvista.most.gov.tw/zh-tw/Feature/C/0/13/10/2/2193.htm"
"15","喻守謙","台灣數位文化協會","穿戴裝置專題報導（二）：從使用者體驗看，我們到底為何需要穿戴式設備？專訪資策會創新技術觀測組組長徐毓良（下）","2016/1/22","https://scitechvista.most.gov.tw/zh-tw/Feature/C/0/13/10/2/2192.htm"
"16","喻守謙","台灣數位文化協會","穿戴裝置專題報導（三）：穿戴式產品不是只要功能越多越好，而要設計完整的使用者情境－專訪 Airyzone 創辦人許世杰","2016/1/22","https://scitechvista.most.gov.tw/zh-tw/Feature/C/0/13/10/2/2191.htm"
"17","李允誠","台灣數位文化協會","穿戴裝置專題報導（四）：感測晶片發展，物聯網要先有「感」才能「連」–專訪國家晶片研究中心莊英宗博士","2016/1/22","https://scitechvista.most.gov.tw/zh-tw/Feature/C/0/13/10/2/2190.htm"
"18","喻守謙","台灣數位文化協會","穿戴裝置專題報導（五）：老人穿戴裝置要串接各種照護服務、更要連結使用者情感–專訪蓋德科技董事長許賓鄉","2016/1/21","https://scitechvista.most.gov.tw/zh-tw/Feature/C/0/13/10/2/2189.htm"
"19","陳妤寧","台灣數位文化協會","大數據專題（導言）：我們真的認識 Big Data 的「科學」嗎？","2016/1/21","https://scitechvista.most.gov.tw/zh-tw/Feature/C/0/13/10/2/2188.htm"
"20","陳妤寧","台灣數位文化協會","大數據專題報導（一）：資料科學如何解決真實世界的問題？認識資料極限，打開分析視野－專訪DSP智庫驅動知識長謝宗震","2016/1/21","https://scitechvista.most.gov.tw/zh-tw/Feature/C/0/13/10/2/2187.htm"
"21","陳妤寧","台灣數位文化協會","大數據專題報導（二）：運用海量資料讓機器「自學」，電腦將成為更好的決策代理人–專訪台大資工教授林守德","2016/1/21","https://scitechvista.most.gov.tw/zh-tw/Feature/C/0/13/10/3/2186.htm"
"22","李允誠","台灣數位文化協會","大數據專題報導（三）：不是只有數字才是數據，語意分析讓電腦掌握文字背後的情感–專訪意藍科技董事長楊立偉","2016/1/21","https://scitechvista.most.gov.tw/zh-tw/Feature/C/0/13/10/3/2185.htm"
"23","陳妤寧","台灣數位文化協會","大數據專題報導（四）：從演算法設計到金融交易應用，數學在資料科學中無所不在–專訪東吳數學系教授吳牧恩","2016/1/21","https://scitechvista.most.gov.tw/zh-tw/Feature/C/0/13/10/3/2184.htm"
"24","陳妤寧","台灣數位文化協會","大數據專題報導（五）：提昇大數據可信度，統計學用機率和抽樣優化分析模型–專訪典通公司總經理楊雅惠","2016/1/20","https://scitechvista.most.gov.tw/zh-tw/Feature/C/0/13/10/3/2183.htm"
"25","蕭寧馨","國立台灣大學生化科技學系","油脂專題報導（一）：竟然有這種油–交酯化油脂","2016/1/12","https://scitechvista.most.gov.tw/zh-tw/Feature/C/0/13/10/3/2164.htm"
"26","蕭寧馨","國立台灣大學生化科技學系","油脂專題報導（二）：怎樣才是讓你保持健康的烹調用油","2016/1/11","https://scitechvista.most.gov.tw/zh-tw/Feature/C/0/13/10/3/2163.htm"
"27","蕭寧馨","國立台灣大學生化科技學系","油脂專題報導（三）：全世界最多人吃的油–棕櫚油","2016/1/11","https://scitechvista.most.gov.tw/zh-tw/Feature/C/0/13/10/3/2162.htm"
"28","蕭寧馨","國立台灣大學生化科技學系","油脂專題報導（四）：不給你反式脂肪酸的新油脂","2016/1/11","https://scitechvista.most.gov.tw/zh-tw/Feature/C/0/13/10/3/2161.htm"
"29","蕭寧馨","國立台灣大學生化科技學系","油脂專題報導（五）：我該搭上吃椰子油的熱潮嗎?","2016/1/11","https://scitechvista.most.gov.tw/zh-tw/Feature/C/0/13/10/3/2160.htm"
"30","高玉馨","國立高雄海洋科技大學基礎教育中心","空氣污染與都市化專題報導（一）：台灣之空氣污染面面觀","2016/1/8","https://scitechvista.most.gov.tw/zh-tw/Feature/C/0/13/10/3/2158.htm"
"31","吳孟青","國立高雄海洋科技大學基礎教育中心王御風","空氣污染與都市化專題報導（二）：臺灣空氣污染區的分布","2016/1/8","https://scitechvista.most.gov.tw/zh-tw/Feature/C/0/13/10/4/2157.htm"
"32","高玉馨","國立高雄海洋科技大學通識教育委員會王御風","空氣污染與都市化專題報導（三）：PM2.5與人體健康之關係","2016/1/8","https://scitechvista.most.gov.tw/zh-tw/Feature/C/0/13/10/4/2156.htm"
"33","陳昭銘","國立高雄海洋科技大學通識教育委員會","空氣污染與都市化專題報導（四）：季風、空氣汙染與酸雨","2016/1/8","https://scitechvista.most.gov.tw/zh-tw/Feature/C/0/13/10/4/2155.htm"
"34","談珮華","國立嘉義大學應用歷史學系","空氣污染與都市化專題報導（五）：空氣污染也會放假","2016/1/7","https://scitechvista.most.gov.tw/zh-tw/Feature/C/0/13/10/4/2154.htm"
"35","談珮華","國立嘉義大學應用歷史學系陳本源","空氣污染與都市化專題報導（六）：空污假期效應與都市發展","2016/1/7","https://scitechvista.most.gov.tw/zh-tw/Feature/C/0/13/10/4/2153.htm"
"36","賴正國","聖國際學士院亞太健康醫學研究所","傳統經絡醫學的現代化觀點","2015/12/29","https://scitechvista.most.gov.tw/zh-tw/Feature/C/0/13/10/4/2142.htm"
"37","楊正澤","國立中興大學昆蟲學系","端午節談昆蟲（一）：昆蟲與人文價值","2015/12/2","https://scitechvista.most.gov.tw/zh-tw/Feature/C/0/13/10/4/2122.htm"
"38","楊正澤","國立中興大學昆蟲學系","端午節談昆蟲（二）：賽龍舟話鳴蟬","2015/12/1","https://scitechvista.most.gov.tw/zh-tw/Feature/C/0/13/10/4/2121.htm"
"39","楊正澤","國立中興大學昆蟲學系","端午節談昆蟲（三）：昆蟲學家過端午","2015/11/20","https://scitechvista.most.gov.tw/zh-tw/Feature/C/0/13/10/4/2111.htm"
"40","林鶯熹","元培醫事科技大學醫學檢驗生物技術系","端午節談昆蟲（四）：蚊子與登革熱","2015/11/16","https://scitechvista.most.gov.tw/zh-tw/Feature/C/0/13/10/4/2109.htm"
"41","施昌良","佳家除蟲有限公司","端午節談昆蟲（六）：來無影去有「蹤」的怪客小黑蚊","2015/11/16","https://scitechvista.most.gov.tw/zh-tw/Feature/C/0/13/10/5/2107.htm"
"42","楊正澤","國立中興大學昆蟲學系","端午節談昆蟲（七）：「街角遇見蟲」昆蟲多樣性與人類生活","2015/11/9","https://scitechvista.most.gov.tw/zh-tw/Feature/C/0/13/10/5/2106.htm"
"43","王淑卿","國立彰化師範大學科學教育研究所博士生","走調的粉彩青春派對（一）：八仙樂園塵爆事件","2015/11/9","https://scitechvista.most.gov.tw/zh-tw/Feature/C/0/13/10/5/2105.htm"
"44","王淑卿","國立彰化師範大學科學教育研究所博士生","走調的粉彩青春派對（二）：塵爆自救要訣及傷患分類","2015/11/6","https://scitechvista.most.gov.tw/zh-tw/Feature/C/0/13/10/5/2103.htm"
"45","王淑卿","國立彰化師範大學科學教育研究所博士生","走調的粉彩青春派對（三）：塵爆傷患處理","2015/10/28","https://scitechvista.most.gov.tw/zh-tw/Feature/C/0/13/10/5/2097.htm"
"46","王淑卿","國立彰化師範大學科學教育研究所博士生","走調的粉彩青春派對（四）：植皮前後與移植排斥","2015/10/28","https://scitechvista.most.gov.tw/zh-tw/Feature/C/0/13/10/5/2096.htm"
"47","王淑卿","國立彰化師範大學科學教育研究所博士生","走調的粉彩青春派對（五）：臨床植皮手術的演進","2015/10/28","https://scitechvista.most.gov.tw/zh-tw/Feature/C/0/13/10/5/2095.htm"
"48","王淑卿","國立彰化師範大學科學教育研究所博士生","走調的粉彩青春派對（六）：再生醫學在植皮技術的應用","2015/10/28","https://scitechvista.most.gov.tw/zh-tw/Feature/C/0/13/10/5/2094.htm"
"49","黃煒盛","第一科大智慧生活創新服務中心","3D列印專題報導：3D列印發展史","2015/10/26","https://scitechvista.most.gov.tw/zh-tw/Feature/C/0/13/10/5/2093.htm"
"50","黃煒盛","第一科大智慧生活創新服務中心","3D列印專題報導（一）：3D列印原理","2015/10/26","https://scitechvista.most.gov.tw/zh-tw/Feature/C/0/13/10/5/2092.htm"
"51","黃煒盛","第一科大智慧生活創新服務中心","3D列印專題報導（二）：3D列印的成形","2015/10/26","https://scitechvista.most.gov.tw/zh-tw/Feature/C/0/13/10/6/2091.htm"
"52","黃煒盛","第一科大智慧生活創新服務中心","3D列印專題報導（三）：產業中的3D列印","2015/10/26","https://scitechvista.most.gov.tw/zh-tw/Feature/C/0/13/10/6/2090.htm"
"53","黃煒盛","第一科大智慧生活創新服務中心","3D列印專題報導（四）：3D列印的新材料","2015/10/26","https://scitechvista.most.gov.tw/zh-tw/Feature/C/0/13/10/6/2089.htm"
"54","黃煒盛","第一科大智慧生活創新服務中心","3D列印專題報導（五）：3D列印的未來","2015/10/26","https://scitechvista.most.gov.tw/zh-tw/Feature/C/0/13/10/6/2088.htm"
"55","蕭寧馨","國立台灣大學生化科技學系","油脂專題報導（一）：不可不吃的油","2015/10/19","https://scitechvista.most.gov.tw/zh-tw/Feature/C/0/13/10/6/2084.htm"
"56","蕭寧馨","國立台灣大學生化科技學系","油脂專題報導（二）：不再害怕飲食膽固醇","2015/10/19","https://scitechvista.most.gov.tw/zh-tw/Feature/C/0/13/10/6/2083.htm"
"57","蕭寧馨","國立台灣大學生化科技學系","油脂專題報導（三）：國人忽視的健康隱憂–飲食油脂持續攀升","2015/10/15","https://scitechvista.most.gov.tw/zh-tw/Feature/C/0/13/10/6/2082.htm"
"58","蕭寧馨","國立台灣大學生化科技學系","油脂專題報導（四）：地中海型飲食與橄欖油–西班牙國家研究","2015/10/15","https://scitechvista.most.gov.tw/zh-tw/Feature/C/0/13/10/6/2081.htm"
"59","蕭寧馨","國立台灣大學生化科技學系","油脂專題報導（五）：殺手油脂–飽和脂肪","2015/10/13","https://scitechvista.most.gov.tw/zh-tw/Feature/C/0/13/10/6/2080.htm"
"60","蕭寧馨","國立台灣大學生化科技學系","油脂專題報導（六）：健康「油」俠單元–不飽和ω-9油","2015/10/13","https://scitechvista.most.gov.tw/zh-tw/Feature/C/0/13/10/6/2079.htm"
"61","高玉馨","國立高雄海洋科技大學基礎教育中心王御風","乾旱專題報導（一）：台灣2015乾旱的面面觀","2015/6/24","https://scitechvista.most.gov.tw/zh-tw/Feature/C/0/13/10/7/2018.htm"
"62","陳昭銘","國立高雄海洋科技大學通識教育委員會","乾旱專題報導（二）：臺灣的旱象","2015/6/23","https://scitechvista.most.gov.tw/zh-tw/Feature/C/0/13/10/7/2016.htm"
"63","高玉馨","國立高雄海洋科技大學基礎教育中心王御風","乾旱專題報導（三）：乾旱所造成的社會衝擊","2015/6/18","https://scitechvista.most.gov.tw/zh-tw/Feature/C/0/13/10/7/2015.htm"
"64","高玉馨","國立高雄海洋科技大學基礎教育中心王御風","乾旱專題報導（四）：台灣水資源之困境與調適","2015/6/16","https://scitechvista.most.gov.tw/zh-tw/Feature/C/0/13/10/7/2013.htm"
"65","吳孟青","國立高雄海洋科技大學基礎教育中心王御風","乾旱專題報導（五）：科技如何解決水資源問題","2015/6/16","https://scitechvista.most.gov.tw/zh-tw/Feature/C/0/13/10/7/2012.htm"
"66","吳孟青","國立高雄海洋科技大學基礎教育中心王御風","乾旱專題報導（六）：未來面臨的水資源問題","2015/6/15","https://scitechvista.most.gov.tw/zh-tw/Feature/C/0/13/10/7/2011.htm"
"67","陳思維","義守大學數位多媒體設計學系","電子遊戲與健康：電子遊戲與健康","2015/5/26","https://scitechvista.most.gov.tw/zh-tw/Feature/C/0/13/10/7/1991.htm"
"68","陳思維","義守大學數位多媒體設計學系","電子遊戲與健康（一）:利用打電玩來幫助治療","2015/5/26","https://scitechvista.most.gov.tw/zh-tw/Feature/C/0/13/10/7/1990.htm"
"69","陳思維","義守大學數位多媒體設計學系","電子遊戲與健康（二）:電玩遊戲與心理健康","2015/5/26","https://scitechvista.most.gov.tw/zh-tw/Feature/C/0/13/10/7/1989.htm"
"70","蔡宛蓉","高雄榮民總醫院","電子遊戲與健康（三）:電玩與健康的迷思與連結","2015/5/26","https://scitechvista.most.gov.tw/zh-tw/Feature/C/0/13/10/7/1988.htm"
"71","陳思維","義守大學數位多媒體設計學系","電子遊戲與健康（四）：打電玩對生理與心理健康的負面影響","2015/5/26","https://scitechvista.most.gov.tw/zh-tw/Feature/C/0/13/10/8/1987.htm"
"72","蔡宛蓉","高雄榮民總醫院","電子遊戲與健康（五）：利用電玩遊戲來幫助中風患者走路的復健","2015/5/26","https://scitechvista.most.gov.tw/zh-tw/Feature/C/0/13/10/8/1986.htm"
"73","蕭寧馨","國立台灣大學生化科技學系","碘系列專題報導（一）：已開發國家缺碘再現與因應策略","2015/5/22","https://scitechvista.most.gov.tw/zh-tw/Feature/C/0/13/10/8/1984.htm"
"74","蕭寧馨","國立台灣大學生化科技學系","碘系列專題報導（二）：碘不足傷害國民智能","2015/5/22","https://scitechvista.most.gov.tw/zh-tw/Feature/C/0/13/10/8/1983.htm"
"75","張天鈞","台大醫院抗老及健康諮詢中心主任/內科主治醫師","碘系列專題報導（三）：國人缺碘警訊不可忽視","2015/5/22","https://scitechvista.most.gov.tw/zh-tw/Feature/C/0/13/10/8/1982.htm"
"76","蕭寧馨","國立台灣大學生化科技學系","碘系列專題報導（四）：輕微缺碘的貽害從懷孕初期開始","2015/5/22","https://scitechvista.most.gov.tw/zh-tw/Feature/C/0/13/10/8/1981.htm"
"77","張天鈞","台大醫院抗老及健康諮詢中心主任/內科主治醫師","碘系列專題報導（五）：碘的重要與安全補充之道","2015/5/22","https://scitechvista.most.gov.tw/zh-tw/Feature/C/0/13/10/8/1980.htm"
"78","蕭寧馨","國立台灣大學生化科技學系","碘系列專題報導（六）：誰說台灣不缺碘？","2015/5/21","https://scitechvista.most.gov.tw/zh-tw/Feature/C/0/13/10/8/1979.htm"
"79","邱竑瑞","義守大學林立偉","藥用真菌專題報導：導言","2014/12/24","https://scitechvista.most.gov.tw/zh-tw/Feature/C/0/13/10/8/1867.htm"
"80","邱竑瑞","義守大學林立偉","藥用真菌（一）：神秘的桑黃！","2014/12/23","https://scitechvista.most.gov.tw/zh-tw/Feature/C/0/13/10/8/1866.htm"
"81","邱竑瑞","義守大學學士後中醫學系林立偉","藥用真菌（二）：您不可不知道的血紅密孔菌","2014/12/23","https://scitechvista.most.gov.tw/zh-tw/Feature/C/0/13/10/9/1865.htm"
"82","邱竑瑞","義守大學學士後中醫學系林立偉","藥用真菌（三）：靈芝家族–赤芝新發現","2014/12/23","https://scitechvista.most.gov.tw/zh-tw/Feature/C/0/13/10/9/1864.htm"
"83","邱竑瑞","義守大學林立偉","藥用真菌（四）：揭開蛹蟲草的神秘面紗","2014/12/23","https://scitechvista.most.gov.tw/zh-tw/Feature/C/0/13/10/9/1863.htm"
"84","邱竑瑞","義守大學學士後中醫學系林立偉","藥用真菌（五）：台灣國寶級藥用真菌–牛樟芝","2014/12/23","https://scitechvista.most.gov.tw/zh-tw/Feature/C/0/13/10/9/1862.htm"
"85","張春炎","卓越新聞獎基金會","環境與廢棄物：與廢棄物共存，需要集體的環保智慧","2014/12/22","https://scitechvista.most.gov.tw/zh-tw/Feature/C/0/13/10/9/1860.htm"
"86","劉力仁","自由時報張春炎","環境與廢棄物（一）：改善生活廢水 無磷洗衣粉助水源","2014/12/19","https://scitechvista.most.gov.tw/zh-tw/Feature/C/0/13/10/9/1859.htm"
"87","劉力仁","自由時報黃大祐","環境與廢棄物（二）：大坪頂再生計畫","2014/12/19","https://scitechvista.most.gov.tw/zh-tw/Feature/C/0/13/10/9/1857.htm"
"88","劉力仁","自由時報黃大祐","環境與廢棄物（三）：一次性飲料杯源頭減量政策成效","2014/12/19","https://scitechvista.most.gov.tw/zh-tw/Feature/C/0/13/10/9/1856.htm"
"89","劉力仁","自由時報黃大祐","環境與廢棄物（四）：環保署推動焚化爐供熱供冷系統","2014/12/19","https://scitechvista.most.gov.tw/zh-tw/Feature/C/0/13/10/9/1855.htm"
"90","劉力仁","自由時報黃大祐","環境與廢棄物（五）：世足戰「紗」場 臺灣把廢塑膠變成綠金","2014/12/19","https://scitechvista.most.gov.tw/zh-tw/Feature/C/0/13/10/9/1854.htm"
"91","張春炎","卓越新聞獎基金會","環境與糧食專題（導言）：搶糧之前，該搶先因應問題","2014/12/18","https://scitechvista.most.gov.tw/zh-tw/Feature/C/0/13/10/10/1853.htm"
"92","汪文豪","下游市集共同創辦人廖凱弘","環境與糧食專題（一）：沒有糧食安全的經濟，猶如骨質疏鬆的選手，怎麼拼？","2014/12/18","https://scitechvista.most.gov.tw/zh-tw/Feature/C/0/13/10/10/1852.htm"
"93","汪文豪","上下游市集共同創辦人廖凱弘","環境與糧食專題（二）：因應極端氣候下的糧食增產 農田水利扮演關鍵","2014/12/18","https://scitechvista.most.gov.tw/zh-tw/Feature/C/0/13/10/10/1851.htm"
"94","汪文豪","上下游市集共同創辦人廖凱弘","環境與糧食專題（三）：推動「藏種於農」 積極面對氣候變遷與糧食自主危機","2014/12/18","https://scitechvista.most.gov.tw/zh-tw/Feature/C/0/13/10/10/1850.htm"
"95","汪文豪","上下游市集共同創辦人廖凱弘","環境與糧食專題（四）：低碳新食尚 農夫市集與社區支持型農業","2014/12/17","https://scitechvista.most.gov.tw/zh-tw/Feature/C/0/13/10/10/1849.htm"
"96","汪文豪","上下游市集共同創辦人廖凱弘","環境與糧食專題（五）：循環型農業 省成本也減少溫室氣體排放","2014/12/17","https://scitechvista.most.gov.tw/zh-tw/Feature/C/0/13/10/10/1848.htm"
"97","張春炎","卓越新聞獎基金會","氣候變遷專題：氣候變遷研究是全球環境災難的警示燈","2014/12/16","https://scitechvista.most.gov.tw/zh-tw/Feature/C/0/13/10/10/1847.htm"
"98","譚偉恩","中興大學國際政治研究所張春炎","氣候變遷專題（一）：最新氣候變遷報告 AR5增加情境分析","2014/12/16","https://scitechvista.most.gov.tw/zh-tw/Feature/C/0/13/10/10/1846.htm"
"99","譚偉恩","中興大學國際政治研究所張春炎","氣候變遷專題（二）：海燕強颱無力促使COP19形成具體共識？","2014/12/16","https://scitechvista.most.gov.tw/zh-tw/Feature/C/0/13/10/10/1845.htm"
"100","譚偉恩","中興大學國際政治研究所張春炎","氣候變遷專題（三）： 全球碳交易市場擴張 制度逐步健全","2014/12/16","https://scitechvista.most.gov.tw/zh-tw/Feature/C/0/13/10/10/1844.htm"
"101","譚偉恩","中興大學國際政治研究所張春炎","氣候變遷專題（四）：氣候變遷威脅糧食安全","2014/12/16","https://scitechvista.most.gov.tw/zh-tw/Feature/C/0/13/10/11/1843.htm"
"102","譚偉恩","中興大學國際政治研究所張春炎","氣候變遷專題（五）：氣候變遷加劇水、氣媒介傳染疾病","2014/12/15","https://scitechvista.most.gov.tw/zh-tw/Feature/C/0/13/10/11/1842.htm"
"103","譚偉恩","中興大學國際政治研究所張春炎","氣候變遷專題（六）：氣候變遷對島嶼國家的影響 臺灣應關切","2014/12/15","https://scitechvista.most.gov.tw/zh-tw/Feature/C/0/13/10/11/1841.htm"
"104","陳妤寧","台灣數位文化協會","若大禹再世：導言","2014/12/15","https://scitechvista.most.gov.tw/zh-tw/Feature/C/0/13/10/11/1840.htm"
"105","陳妤寧","台灣數位文化協會","若大禹再世（一）：治水策略 學日荷，好不好？","2014/12/15","https://scitechvista.most.gov.tw/zh-tw/Feature/C/0/13/10/11/1839.htm"
"106","陳妤寧","台灣數位文化協會","若大禹再世（二）：森林保育 治水，從頭開始！","2014/12/15","https://scitechvista.most.gov.tw/zh-tw/Feature/C/0/13/10/11/1838.htm"
"107","陳妤寧","台灣數位文化協會","若大禹再世（三）：生態工法　做法到底有哪些？","2014/12/15","https://scitechvista.most.gov.tw/zh-tw/Feature/C/0/13/10/11/1837.htm"
"108","李柏昱","國立臺灣大學地理環境資源學系","若大禹再世（四）：滯洪空間 都市防洪萬靈丹？","2014/12/15","https://scitechvista.most.gov.tw/zh-tw/Feature/C/0/13/10/11/1836.htm"
"109","李柏昱","國立臺灣大學地理環境資源學系","若大禹再世（五）：大地之腎 濕地也能減洪喔！","2014/12/15","https://scitechvista.most.gov.tw/zh-tw/Feature/C/0/13/10/11/1835.htm"
"110","李天申","國立臺灣大學政治學研究所博士候選人","建築與防災：導言","2014/12/15","https://scitechvista.most.gov.tw/zh-tw/Feature/C/0/13/10/11/1833.htm"
"111","陳妤寧","台灣數位文化協會","建築與防災（一）：兩棲屋適合台灣？","2014/12/12","https://scitechvista.most.gov.tw/zh-tw/Feature/C/0/13/10/12/1832.htm"
"112","陳妤寧","台灣數位文化協會","建築與防災（二）：建築也能抗旱洪？","2014/12/12","https://scitechvista.most.gov.tw/zh-tw/Feature/C/0/13/10/12/1831.htm"
"113","陳妤寧","台灣數位文化協會","建築與防災（三）：綠建築該怎麼蓋？","2014/12/12","https://scitechvista.most.gov.tw/zh-tw/Feature/C/0/13/10/12/1830.htm"
"114","李柏昱","國立臺灣大學地理環境資源學系","建築與防災（四）：我要耐震的房子！","2014/12/12","https://scitechvista.most.gov.tw/zh-tw/Feature/C/0/13/10/12/1829.htm"
"115","李柏昱","國立臺灣大學地理環境資源學系","建築與防災（五）：１０１如何抗震？","2014/12/11","https://scitechvista.most.gov.tw/zh-tw/Feature/C/0/13/10/12/1828.htm"
"116","李天申","國立臺灣大學政治學研究所博士候選人","以震為鏡：導言","2014/12/11","https://scitechvista.most.gov.tw/zh-tw/Feature/C/0/13/10/12/1827.htm"
"117","陳妤寧","台灣數位文化協會","以震為鏡（一）：聽聽看 地震科學是什麼？","2014/12/11","https://scitechvista.most.gov.tw/zh-tw/Feature/C/0/13/10/12/1826.htm"
"118","李柏昱","國立臺灣大學地理環境資源學系","以震為鏡（二）：找找看 活動斷層在哪裡？","2014/12/11","https://scitechvista.most.gov.tw/zh-tw/Feature/C/0/13/10/12/1825.htm"
"119","李柏昱","國立臺灣大學地理環境資源學系","以震為鏡（三）：算算看 地震危害有多大？","2014/12/11","https://scitechvista.most.gov.tw/zh-tw/Feature/C/0/13/10/12/1823.htm"
"120","李柏昱","國立臺灣大學地理環境資源學系","以震為鏡（四）：講講看 地震考古多有趣？","2014/12/11","https://scitechvista.most.gov.tw/zh-tw/Feature/C/0/13/10/12/1822.htm"
"121","陳妤寧","台灣數位文化協會","以震為鏡（五）：想想看 防災策略怎麼做？","2014/12/11","https://scitechvista.most.gov.tw/zh-tw/Feature/C/0/13/10/13/1821.htm"
"122","朱姵慈","世新大學新聞系","數位攝影文化：小相機就能拍出好相片","2014/11/19","https://scitechvista.most.gov.tw/zh-tw/Feature/C/0/13/10/13/1807.htm"
"123","蔡佳恩","世新大學廣電系","數位攝影文化（一）：手機「相機化」 APP跟上攝影潮流","2014/11/19","https://scitechvista.most.gov.tw/zh-tw/Feature/C/0/13/10/13/1806.htm"
"124","蔡佳恩","世新大學廣電系","數位攝影文化（二）：影像視覺風格APP  塑造照片新風貌","2014/11/19","https://scitechvista.most.gov.tw/zh-tw/Feature/C/0/13/10/13/1805.htm"
"125","蔡佳恩","世新大學廣電系","數位攝影文化（三）：相機傳輸無線化 「即拍即上傳」","2014/11/19","https://scitechvista.most.gov.tw/zh-tw/Feature/C/0/13/10/13/1804.htm"
"126","蔡佳恩","世新大學廣電系","數位攝影文化（四）：相機輕量化與專用化","2014/11/19","https://scitechvista.most.gov.tw/zh-tw/Feature/C/0/13/10/13/1803.htm"
"127","蔡佳恩","世新大學廣電系","數位攝影文化（五）：攝影師像水  有時看不見，卻又存在","2014/11/18","https://scitechvista.most.gov.tw/zh-tw/Feature/C/0/13/10/13/1801.htm"
"128","張淳惠","世新大學廣電所蔡美瑛","數位學習與「磨課師」：導言","2014/11/18","https://scitechvista.most.gov.tw/zh-tw/Feature/C/0/13/10/13/1800.htm"
"129","張淳惠","世新大學廣電所蔡美瑛","數位學習與「磨課師」（一）：翻轉教室與學習效率","2014/11/18","https://scitechvista.most.gov.tw/zh-tw/Feature/C/0/13/10/13/1799.htm"
"130","吳姵諭","世新大學廣電所蔡美瑛","數位學習與「磨課師」（二）：東大物理學翻轉教室 建構MIT教學合作模式","2014/11/18","https://scitechvista.most.gov.tw/zh-tw/Feature/C/0/13/10/13/1798.htm"
"131","張淳惠","世新大學廣電所蔡美瑛","數位學習與「磨課師」(三）：高三增能計畫","2014/11/18","https://scitechvista.most.gov.tw/zh-tw/Feature/C/0/13/10/14/1797.htm"
"132","張淳惠","世新大學廣電所蔡美瑛","數位學習與「磨課師」（四）：台聯大雲端經典課程","2014/11/17","https://scitechvista.most.gov.tw/zh-tw/Feature/C/0/13/10/14/1796.htm"
"133","張淳惠","世新大學廣電所蔡美瑛","數位學習與「磨課師」(五)：結語與未來展望","2014/11/17","https://scitechvista.most.gov.tw/zh-tw/Feature/C/0/13/10/14/1795.htm"
"134","吳珈瑤","政治大學廣電所蔡美瑛","使用者經驗與創新：從「人」身上找尋創新利基","2014/11/17","https://scitechvista.most.gov.tw/zh-tw/Feature/C/0/13/10/14/1794.htm"
"135","吳姵諭","世新大學廣電所蔡美瑛","使用者經驗與創新（一）：使用者研究發掘你的內心渴望","2014/11/17","https://scitechvista.most.gov.tw/zh-tw/Feature/C/0/13/10/14/1793.htm"
"136","吳姵諭","世新大學廣電所","使用者經驗與創新（二）：「創新」成為新一代商業價值 使用者研究探索人們所需","2014/11/17","https://scitechvista.most.gov.tw/zh-tw/Feature/C/0/13/10/14/1792.htm"
"137","吳姵諭","世新大學廣電所","使用者經驗與創新（三）：使用者測試使你變身產品玩家　幫助找尋問題","2014/11/17","https://scitechvista.most.gov.tw/zh-tw/Feature/C/0/13/10/14/1790.htm"
"138","張淳惠","世新大學廣電所","使用者經驗與創新（四）：使用者經驗與商業策略結合應用","2014/11/17","https://scitechvista.most.gov.tw/zh-tw/Feature/C/0/13/10/14/1789.htm"
"139","吳珈瑤","政治大學廣電所蔡美瑛","使用者經驗與創新（五）：使用者經驗創新 加速傳統產業的轉型","2014/11/17","https://scitechvista.most.gov.tw/zh-tw/Feature/C/0/13/10/14/1788.htm"
"140","吳岳樺","台灣大學昆蟲所蔡美瑛","入侵種專題報導：原生生物族群保衛戰","2014/11/13","https://scitechvista.most.gov.tw/zh-tw/Feature/C/0/13/10/14/1787.htm"
"141","吳姵諭","世新大學廣電所蔡美瑛","入侵種專題報導（一）：紅火蟻雄兵大舉入侵　防治措施需持續奮戰","2014/11/13","https://scitechvista.most.gov.tw/zh-tw/Feature/C/0/13/10/15/1786.htm"
"142","吳姵諭","世新大學廣電所蔡美瑛","入侵種專題報導（二）：寵物飼養造成入侵種危害 驚見貓狗也入列","2014/11/10","https://scitechvista.most.gov.tw/zh-tw/Feature/C/0/13/10/15/1785.htm"
"143","張傳佳","自由撰稿者蔡美瑛","入侵種專題報導（三）：氣候變遷與入侵種","2014/11/10","https://scitechvista.most.gov.tw/zh-tw/Feature/C/0/13/10/15/1784.htm"
"144","吳姵諭","世新大學廣電所蔡美瑛","入侵種專題報導（四）：入侵種飄洋過海成生態殺手  「預防」遠勝於治療","2014/11/10","https://scitechvista.most.gov.tw/zh-tw/Feature/C/0/13/10/15/1783.htm"
"145","張淳惠","世新大學廣電所蔡美瑛","入侵種專題報導（五）：入侵種防治政策","2014/11/10","https://scitechvista.most.gov.tw/zh-tw/Feature/C/0/13/10/15/1782.htm"
"146","蔡昀錚","高雄榮民總醫院","阿茲海默症：導言","2014/10/22","https://scitechvista.most.gov.tw/zh-tw/Feature/C/0/13/10/15/1768.htm"
"147","葉怡寧","天主教聖功醫院","阿茲海默症(一)：致病成因新知介紹","2014/10/22","https://scitechvista.most.gov.tw/zh-tw/Feature/C/0/13/10/15/1767.htm"
"148","張維宸","高雄市鳳山吳萍建診所","阿茲海默症(二)：阿茲海默症之症狀與診斷","2014/10/22","https://scitechvista.most.gov.tw/zh-tw/Feature/C/0/13/10/15/1766.htm"
"149","張智堯","高雄榮民總醫院","阿茲海默症(三)：阿茲海默症與飲食","2014/10/22","https://scitechvista.most.gov.tw/zh-tw/Feature/C/0/13/10/15/1765.htm"
"150","季康揚","美國密蘇里大學醫學博士","阿茲海默症(四)：阿茲海默症之藥物治療","2014/10/21","https://scitechvista.most.gov.tw/zh-tw/Feature/C/0/13/10/15/1764.htm"
"151","賴秋蓮","高雄醫學大學附設中和紀念醫院神經科李建勳","阿茲海默症(五)：音樂治療概論","2014/10/21","https://scitechvista.most.gov.tw/zh-tw/Feature/C/0/13/10/16/1763.htm"
"152","汪翠瀅","國立成功大學職能治療學系","阿茲海默症(六)：職能治療介入","2014/10/21","https://scitechvista.most.gov.tw/zh-tw/Feature/C/0/13/10/16/1762.htm"
"153","亞東紀念醫院","許元銘","生醫材料：導言","2014/10/17","https://scitechvista.most.gov.tw/zh-tw/Feature/C/0/13/10/16/1759.htm"
"154","陳郁君","亞東紀念醫院","生醫材料（一）：生物可降解材料","2014/10/17","https://scitechvista.most.gov.tw/zh-tw/Feature/C/0/13/10/16/1758.htm"
"155","蔡坤穎","新竹綺色佳診所皮膚專科暨醫學美容中心","生醫材料（二）：美容醫學的神祕武器","2014/10/17","https://scitechvista.most.gov.tw/zh-tw/Feature/C/0/13/10/16/1757.htm"
"156","楊屹沛","國立宜蘭大學生物機電工程學系","生醫材料（三）：血管內蓋房子","2014/10/16","https://scitechvista.most.gov.tw/zh-tw/Feature/C/0/13/10/16/1756.htm"
"157","林宏時","康寧醫院神經外科","生醫材料（四）：腰椎退化性疾病治療","2014/10/16","https://scitechvista.most.gov.tw/zh-tw/Feature/C/0/13/10/16/1755.htm"
"158","黃昌弘","馬偕紀念醫院醫學研究部","生醫材料（五）：人工膝關節知多少","2014/10/16","https://scitechvista.most.gov.tw/zh-tw/Feature/C/0/13/10/16/1754.htm"
"159","馮聖偉","宣品牙醫診所","生醫材料（六）：牙科植體發展新境界","2014/10/15","https://scitechvista.most.gov.tw/zh-tw/Feature/C/0/13/10/16/1753.htm"
"160","林宗德","國立清華大學通識中心暨社會學研究所","機器人倫理學專題報導：序言","2014/10/1","https://scitechvista.most.gov.tw/zh-tw/Feature/C/0/13/10/16/1741.htm"
"161","林宗德","國立清華大學通識中心暨社會學研究所","機器人倫理學專題報導（一）：無人機的警示","2014/10/1","https://scitechvista.most.gov.tw/zh-tw/Feature/C/0/13/10/17/1740.htm"
"162","洪靖","荷蘭UniversityofTwente哲學系","機器人倫理學專題報導（二）：人類如何看待家用機器人？（上）","2014/10/1","https://scitechvista.most.gov.tw/zh-tw/Feature/C/0/13/10/17/1739.htm"
"163","洪靖","荷蘭UniversityofTwente哲學系","機器人倫理學專題報導（三）：人類如何看待家用機器人？（下）","2014/10/1","https://scitechvista.most.gov.tw/zh-tw/Feature/C/0/13/10/17/1738.htm"
"164","林宗德","國立清華大學通識中心暨社會學研究所","機器人倫理學專題報導（四）：照護現場的小海豹機器人(上)","2014/9/30","https://scitechvista.most.gov.tw/zh-tw/Feature/C/0/13/10/17/1737.htm"
"165","林宗德","國立清華大學通識中心暨社會學研究所","機器人倫理學專題報導（五）：照護現場的小海豹機器人(下)","2014/9/30","https://scitechvista.most.gov.tw/zh-tw/Feature/C/0/13/10/17/1736.htm"
"166","洪靖","荷蘭UniversityofTwente哲學系","機器人倫理學專題報導（六）：性愛機器人進入性產業的倫理挑戰","2014/9/29","https://scitechvista.most.gov.tw/zh-tw/Feature/C/0/13/10/17/1735.htm"
"167","林欣柔","長庚大學醫務管理學系","海量資料專題報導：序言","2014/9/29","https://scitechvista.most.gov.tw/zh-tw/Feature/C/0/13/10/17/1734.htm"
"168","王蒞君","國立交通大學電機工程系暨科技與社會中心智庫研究團隊林家瑜","海量資料專題報導（一）：什麼是海量資料","2014/9/29","https://scitechvista.most.gov.tw/zh-tw/Feature/C/0/13/10/17/1732.htm"
"169","王蒞君","國立交通大學電機工程系暨科技與社會中心智庫研究團隊林家瑜","海量資料專題報導（二）：大數據產生大價值？","2014/9/29","https://scitechvista.most.gov.tw/zh-tw/Feature/C/0/13/10/17/1731.htm"
"170","王蒞君","國立交通大學電機工程系暨科技與社會中心智庫研究團隊林家瑜","海量資料專題報導（三）：海量資料與物聯網","2014/9/26","https://scitechvista.most.gov.tw/zh-tw/Feature/C/0/13/10/17/1730.htm"
"171","王蒞君","國立交通大學電機工程系暨科技與社會中心智庫研究團隊林家瑜","海量資料專題報導（四）：海量資料也可以拆開算–Hadoop","2014/9/26","https://scitechvista.most.gov.tw/zh-tw/Feature/C/0/13/10/18/1729.htm"
"172","王蒞君","國立交通大學電機工程系暨科技與社會中心智庫研究團隊","海量資料專題報導（五）：資料不用存？–江河運算","2014/9/26","https://scitechvista.most.gov.tw/zh-tw/Feature/C/0/13/10/18/1727.htm"
"173","林欣柔","長庚大學醫務管理學系","海量資料專題報導（六）：大數據，大挑戰？海量資料的公共利益與隱私風險","2014/9/25","https://scitechvista.most.gov.tw/zh-tw/Feature/C/0/13/10/18/1726.htm"
"174","林宜平","國立陽明大學科技與社會研究所","奈米科技與公眾專題報導：導言","2014/9/24","https://scitechvista.most.gov.tw/zh-tw/Feature/C/0/13/10/18/1724.htm"
"175","林宜平","國立陽明大學科技與社會研究所","奈米科技與公眾專題報導（一）：民眾對新興科技的風險感知","2014/9/24","https://scitechvista.most.gov.tw/zh-tw/Feature/C/0/13/10/18/1723.htm"
"176","施琮仁","政治大學國際傳播英語碩士學位學程","奈米科技與公眾專題報導（二）：Z>B？奈米科技的媒體報導","2014/9/24","https://scitechvista.most.gov.tw/zh-tw/Feature/C/0/13/10/18/1722.htm"
"177","施琮仁","政治大學國際傳播英語碩士學位學程","奈米科技與公眾專題報導（三）：奈米推不推？社群媒體與奈米科技新聞","2014/9/23","https://scitechvista.most.gov.tw/zh-tw/Feature/C/0/13/10/18/1721.htm"
"178","林宜平","陽明大學科技與社會研究所","奈米科技與公眾專題報導（四）：奈米標不標？","2014/9/23","https://scitechvista.most.gov.tw/zh-tw/Feature/C/0/13/10/18/1720.htm"
"179","林宜平","陽明大學科技與社會研究所","奈米科技與公眾專題報導（五）：台灣第一！民眾看奈米科技","2014/9/23","https://scitechvista.most.gov.tw/zh-tw/Feature/C/0/13/10/18/1719.htm"
"180","鄭尊仁","國立台灣大學職業醫學與工業衛生研究所","奈米科技與公眾專題報導（六）：奈米物質的風險治理","2014/9/23","https://scitechvista.most.gov.tw/zh-tw/Feature/C/0/13/10/18/1718.htm"
"181","張永源","工業技術研究院綠能與環境研究所","風力發電專題報導(一)： 風力發電–老天爺賦予的在地化天然資源","2014/9/22","https://scitechvista.most.gov.tw/zh-tw/Feature/C/0/13/10/19/1717.htm"
"182","張永源","工業技術研究院綠能與環境研究所","風力發電專題報導(二)：風力發電－有風就可來電的發電廠","2014/9/22","https://scitechvista.most.gov.tw/zh-tw/Feature/C/0/13/10/19/1716.htm"
"183","張永源","工業技術研究院綠能與環境研究所","風力發電專題報導(三)：陸上與海上皆宜的綠色能源標竿","2014/9/22","https://scitechvista.most.gov.tw/zh-tw/Feature/C/0/13/10/19/1715.htm"
"184","潘美玲","國立交通大學人文社會學系","風力發電專題報導(四)：保持距離永保安康：大型風力發電機的環境風險","2014/9/22","https://scitechvista.most.gov.tw/zh-tw/Feature/C/0/13/10/19/1714.htm"
"185","潘美玲","國立交通大學人文社會學系","風力發電專題報導(五)：分散與多元的小型風力發電","2014/9/22","https://scitechvista.most.gov.tw/zh-tw/Feature/C/0/13/10/19/1713.htm"
"186","潘美玲","國立交通大學人文社會學系","風力發電（六）–「市民風場」如何創造雙贏","2014/9/15","https://scitechvista.most.gov.tw/zh-tw/Feature/C/0/13/10/19/1710.htm"
"187","陳素梅","國立東華大學","環境知多少：個人、社區與環境安全：台灣安全社會的憧憬","2014/9/11","https://scitechvista.most.gov.tw/zh-tw/Feature/C/0/13/10/19/1707.htm"
"188","林宜穎","國立東華大學社會學系呂昕禹","環境知多少(一)：都市為了妳–公共空間設計預防犯罪","2014/9/11","https://scitechvista.most.gov.tw/zh-tw/Feature/C/0/13/10/19/1706.htm"
"189","王世明","國立東華大學社會學系","環境知多少(二)：校外女生宿舍安全知多少？","2014/9/10","https://scitechvista.most.gov.tw/zh-tw/Feature/C/0/13/10/19/1705.htm"
"190","劉又瑄","國立東華大學","環境知多少(三)：「境」善盡美–防竊從身邊做起","2014/9/10","https://scitechvista.most.gov.tw/zh-tw/Feature/C/0/13/10/19/1704.htm"
"191","蘇怡如","國立東華大學社會學系","環境知多少(四)：社區動起來，聯手拚治安","2014/9/9","https://scitechvista.most.gov.tw/zh-tw/Feature/C/0/13/10/20/1703.htm"
"192","盧亭榕","國立東華大學社會學系","環境知多少(五)：破「瘡」，創造友善環境","2014/9/9","https://scitechvista.most.gov.tw/zh-tw/Feature/C/0/13/10/20/1702.htm"
"193","陳素梅","國立東華大學社會系","「藥」命：毒品犯罪，What’s wrong?","2014/8/29","https://scitechvista.most.gov.tw/zh-tw/Feature/C/0/13/10/20/1685.htm"
"194","王曉玲","財團法人中華基督教協同會球崙教會","「藥」命（一）：變色青春：青少年藥物濫用","2014/8/29","https://scitechvista.most.gov.tw/zh-tw/Feature/C/0/13/10/20/1684.htm"
"195","莊文軒","國立東華大學","「藥」命（二）：大麻：正反攻防戰","2014/8/29","https://scitechvista.most.gov.tw/zh-tw/Feature/C/0/13/10/20/1683.htm"
"196","王世明","國立東華大學社會學系","「藥」命（三）：毒「犯」？毒「患」？毒品防制規範的演變","2014/8/28","https://scitechvista.most.gov.tw/zh-tw/Feature/C/0/13/10/20/1682.htm"
"197","張筵儀","中華大學行政管理學系","「藥」命（四）：美沙冬替代療法：降低海洛因依賴？亦或是維持社會秩序？","2014/8/28","https://scitechvista.most.gov.tw/zh-tw/Feature/C/0/13/10/20/1681.htm"
"198","洪浩哲","國立東華大學社會學系碩士班","「藥」命（五）：戒不掉的誘惑","2014/8/28","https://scitechvista.most.gov.tw/zh-tw/Feature/C/0/13/10/20/1680.htm"
"199","李庭羽","國立東華大學社會學系","誰來點燈？談更生保護與再犯研究：突破高牆，重建「心」希望","2014/8/28","https://scitechvista.most.gov.tw/zh-tw/Feature/C/0/13/10/20/1679.htm"
"200","盧亭榕","國立東華大學社會學系","誰來點燈？談更生保護與再犯研究(一)：創造更新的生命","2014/8/28","https://scitechvista.most.gov.tw/zh-tw/Feature/C/0/13/10/20/1678.htm"
"201","洪浩哲","國立東華大學社會學系碩士班","誰來點燈？談更生保護與再犯研究(二)：回到社會：更生就業行不行?","2014/8/27","https://scitechvista.most.gov.tw/zh-tw/Feature/C/0/13/10/21/1677.htm"
"202","林宜穎","國立東華大學社會學系","誰來點燈？談更生保護與再犯研究(三)：洗不去的烙印：社會為受刑人家屬貼上的標籤","2014/8/27","https://scitechvista.most.gov.tw/zh-tw/Feature/C/0/13/10/21/1676.htm"
"203","蘇怡如","國立東華大學社會學系","誰來點燈？談更生保護與再犯研究(四)：本性難移：談性侵再犯","2014/8/27","https://scitechvista.most.gov.tw/zh-tw/Feature/C/0/13/10/21/1675.htm"
"204","劉百佳","國立東華大學藝術創意產業學系視覺藝術教育研究所","誰來點燈？談更生保護與再犯研究(五)：別再犯，怎麼這麼難？","2014/8/27","https://scitechvista.most.gov.tw/zh-tw/Feature/C/0/13/10/21/1674.htm"
"205","李天申","國立臺灣大學政治學研究所博士候選人","企業防災：導言","2014/8/15","https://scitechvista.most.gov.tw/zh-tw/Feature/C/0/13/10/21/1657.htm"
"206","陳妤寧","台灣數位文化協會","企業防災（一）：電網防災，台灣土地亮起來","2014/8/15","https://scitechvista.most.gov.tw/zh-tw/Feature/C/0/13/10/21/1656.htm"
"207","李杰翰","國立臺灣大學地理環境資源學系","企業防災（二）：智慧防災，訊息傳遞不停歇","2014/8/15","https://scitechvista.most.gov.tw/zh-tw/Feature/C/0/13/10/21/1655.htm"
"208","陳妤寧","台灣數位文化協會","企業防災（三）：公益防災，研發軟體新平台","2014/8/15","https://scitechvista.most.gov.tw/zh-tw/Feature/C/0/13/10/21/1654.htm"
"209","陳妤寧","台灣數位文化協會","企業防災（四）：列車防災，乘客安全擺第一","2014/8/15","https://scitechvista.most.gov.tw/zh-tw/Feature/C/0/13/10/21/1653.htm"
"210","陳妤寧","台灣數位文化協會","企業防災（五）：協力防災，廠商政府作伙拼","2014/8/15","https://scitechvista.most.gov.tw/zh-tw/Feature/C/0/13/10/21/1652.htm"
"211","張傳佳","自由撰稿記者","食品安全停看聽：導言","2014/7/22","https://scitechvista.most.gov.tw/zh-tw/Feature/C/0/13/10/22/1629.htm"
"212","朱姵慈","世新大學新聞系","食品安全停看聽(一)：農藥殘留 劑量才是關鍵","2014/7/22","https://scitechvista.most.gov.tw/zh-tw/Feature/C/0/13/10/22/1628.htm"
"213","張傳佳","自由撰稿記者","食品安全停看聽(二)：清水沖洗蔬果 降低農藥殘留","2014/7/22","https://scitechvista.most.gov.tw/zh-tw/Feature/C/0/13/10/22/1627.htm"
"214","張傳佳","自由撰稿記者","食品安全停看聽(三)：依賴進口  基改黃豆吃下肚","2014/7/22","https://scitechvista.most.gov.tw/zh-tw/Feature/C/0/13/10/22/1626.htm"
"215","張淳惠","世新大學廣電所","食品安全停看聽(四)：支持有機  友善環境","2014/7/22","https://scitechvista.most.gov.tw/zh-tw/Feature/C/0/13/10/22/1625.htm"
"216","朱姵慈","世新大學新聞系","食品安全停看聽(五)：消費看標章  安心有保障","2014/7/22","https://scitechvista.most.gov.tw/zh-tw/Feature/C/0/13/10/22/1624.htm"
"217","張春炎","卓越新聞獎基金會","環境政治：環境治理已不是單一國家的事","2014/7/3","https://scitechvista.most.gov.tw/zh-tw/Feature/C/0/13/10/22/1591.htm"
"218","余佳璋","公共電視新聞部張春炎","環境政治（一）：美國頁岩氣發展與地緣政治","2014/7/3","https://scitechvista.most.gov.tw/zh-tw/Feature/C/0/13/10/22/1590.htm"
"219","余佳璋","公共電視新聞部馬綺韓","環境政治（二）：治水不力 泰國問題仰賴區域協作治理","2014/7/3","https://scitechvista.most.gov.tw/zh-tw/Feature/C/0/13/10/22/1589.htm"
"220","公共電視新聞部","余佳璋馬綺韓","環境政治（三）：中緬油管戰略外的環境問題","2014/7/3","https://scitechvista.most.gov.tw/zh-tw/Feature/C/0/13/10/22/1588.htm"
"221","林雅雯","政治大學外交研究所馬綺韓","環境政治（四）：中國與緬甸的油氣管政治","2014/7/3","https://scitechvista.most.gov.tw/zh-tw/Feature/C/0/13/10/23/1587.htm"
"222","余佳璋","公共電視新聞部張春炎","環境政治（五）：太平洋漁業資源日漸枯竭 政策規範效果恐有限","2014/7/3","https://scitechvista.most.gov.tw/zh-tw/Feature/C/0/13/10/23/1586.htm"
"223","楊昊","政大國際關係研究中心張春炎","環境政治（六）：層出不窮的跨域霾害","2014/7/3","https://scitechvista.most.gov.tw/zh-tw/Feature/C/0/13/10/23/1585.htm"
"224","李天申","國立臺灣大學政治學研究所","當寒暑成災：導言","2014/6/17","https://scitechvista.most.gov.tw/zh-tw/Feature/C/0/13/10/23/1553.htm"
"225","陳慈忻","國立臺灣大學地理環境資源學系","當寒暑成災（一）：微氣候護農糧？","2014/6/17","https://scitechvista.most.gov.tw/zh-tw/Feature/C/0/13/10/23/1552.htm"
"226","陳慈忻","國立臺灣大學地理環境資源學系","當寒暑成災（二）：減溫差救漁獲？","2014/6/17","https://scitechvista.most.gov.tw/zh-tw/Feature/C/0/13/10/23/1551.htm"
"227","陳慈忻","國立臺灣大學地理環境資源學系","當寒暑成災（三）：常通勤增蚊害？","2014/6/16","https://scitechvista.most.gov.tw/zh-tw/Feature/C/0/13/10/23/1550.htm"
"228","李柏昱","國立臺灣大學地理環境資源學系","當寒暑成災（四）： 仿海綿絕熱島？","2014/6/16","https://scitechvista.most.gov.tw/zh-tw/Feature/C/0/13/10/23/1549.htm"
"229","李柏昱","國立臺灣大學地理環境資源學系","當寒暑成災（五）： 臨極端靠調適？","2014/6/12","https://scitechvista.most.gov.tw/zh-tw/Feature/C/0/13/10/23/1547.htm"
"230","李天申","國立臺灣大學政治學研究所","災難醫學：導言","2014/6/9","https://scitechvista.most.gov.tw/zh-tw/Feature/C/0/13/10/23/1540.htm"
"231","李柏昱","國立臺灣大學地理環境資源學系","災難醫學（一）：災難醫療的基本概念","2014/6/6","https://scitechvista.most.gov.tw/zh-tw/Feature/C/0/13/10/24/1539.htm"
"232","陳妤寧","台灣數位文化協會","災難醫學（二）：救難醫師的臨場經驗談","2014/6/5","https://scitechvista.most.gov.tw/zh-tw/Feature/C/0/13/10/24/1531.htm"
"233","陳妤寧","台灣數位文化協會","災難醫學（三）：不可忽視的災區心理衛生","2014/6/5","https://scitechvista.most.gov.tw/zh-tw/Feature/C/0/13/10/24/1530.htm"
"234","陳慈忻","國立臺灣大學地理環境資源學系","災難醫學（四）：災區的常見傳染病及其防治","2014/6/5","https://scitechvista.most.gov.tw/zh-tw/Feature/C/0/13/10/24/1529.htm"
"235","陳慈忻","國立臺灣大學地理環境資源學系","災難醫學（五）：氣候變遷下的防疫問題","2014/6/4","https://scitechvista.most.gov.tw/zh-tw/Feature/C/0/13/10/24/1528.htm"
"236","劉馨文","國立中山大學傳播管理研究所","縮減你我的距離：數位落差現象","2014/5/30","https://scitechvista.most.gov.tw/zh-tw/Feature/C/0/13/10/24/1524.htm"
"237","黃盈慈","國立中山大學傳播管理研究所","縮減你我的距離（一）：台灣數位落差的最後一哩路","2014/5/30","https://scitechvista.most.gov.tw/zh-tw/Feature/C/0/13/10/24/1523.htm"
"238","吳宇翔","國立中山大學傳播管理研究所","縮減你我的距離（二）：國內外數位落差政策","2014/5/30","https://scitechvista.most.gov.tw/zh-tw/Feature/C/0/13/10/24/1522.htm"
"239","黃盈慈","國立中山大學傳播管理研究所","縮減你我的距離（三）：新科技國度下共存的數位移民與數位原住民","2014/5/30","https://scitechvista.most.gov.tw/zh-tw/Feature/C/0/13/10/24/1521.htm"
"240","吳宇翔","國立中山大學傳播管理研究所","縮減你我距離（四）：家庭中的數位衝突","2014/5/29","https://scitechvista.most.gov.tw/zh-tw/Feature/C/0/13/10/24/1520.htm"
"241","劉馨文","國立中山大學傳播管理研究所","縮減你我的距離（五）：數位落差與公共領域","2014/5/29","https://scitechvista.most.gov.tw/zh-tw/Feature/C/0/13/10/25/1519.htm"
"242","郭麗琳","臺北市立聯合醫院中興院區","國人常見的眼疾及治療趨勢：（序言）","2014/5/22","https://scitechvista.most.gov.tw/zh-tw/Feature/C/0/13/10/25/1509.htm"
"243","郭麗琳","臺北市立聯合醫院中興院區","國人常見的眼疾及治療趨勢(一)：青光眼","2014/5/22","https://scitechvista.most.gov.tw/zh-tw/Feature/C/0/13/10/25/1508.htm"
"244","蕭雅娟","臺北市立聯合醫院","國人常見的眼疾及治療趨勢(二)：近視","2014/5/22","https://scitechvista.most.gov.tw/zh-tw/Feature/C/0/13/10/25/1507.htm"
"245","蔡宜倫","臺北市立聯合醫院中興院區","國人常見的眼疾及治療趨勢(三)：潛在的視力殺手及致命的疼痛–眼部帶狀皰疹","2014/5/21","https://scitechvista.most.gov.tw/zh-tw/Feature/C/0/13/10/25/1506.htm"
"246","陳子儀","臺北市立聯合醫院中興院區","國人常見的眼疾及治療趨勢(四)：溢淚","2014/5/21","https://scitechvista.most.gov.tw/zh-tw/Feature/C/0/13/10/25/1502.htm"
"247","施智偉","臺北市立聯合醫院","國人常見的眼疾及治療趨勢(五)：糖尿病視網膜病變","2014/5/21","https://scitechvista.most.gov.tw/zh-tw/Feature/C/0/13/10/25/1501.htm"
"248","蔡景耀","臺北市立聯合醫院中興院區","國人常見的眼疾及治療趨勢(六)：老年性黃斑部病","2014/5/21","https://scitechvista.most.gov.tw/zh-tw/Feature/C/0/13/10/25/1500.htm"
"249","劉百佳","國立東華大學藝術創意產業學系視覺藝術教育研究所王曉玲","白領犯罪與企業社會責任：信義為立業之本","2014/5/8","https://scitechvista.most.gov.tw/zh-tw/Feature/C/0/13/10/25/1469.htm"
"250","劉百佳","國立東華大學藝術創意產業學系視覺藝術教育研究所王曉玲","白領犯罪與企業社會責任(一)：看穿名人代言的虛實","2014/5/8","https://scitechvista.most.gov.tw/zh-tw/Feature/C/0/13/10/25/1468.htm"
"251","劉百佳","國立東華大學藝術創意產業學系視覺藝術教育研究所財團法人中華基督教協同會球崙教會","白領犯罪與企業社會責任(二)：內線交易的罪與罰","2014/5/8","https://scitechvista.most.gov.tw/zh-tw/Feature/C/0/13/10/26/1467.htm"
"252","劉百佳","國立東華大學藝術創意產業學系視覺藝術教育研究所王曉玲","白領犯罪與企業社會責任(三)：借殼上市上櫃的歪風","2014/5/8","https://scitechvista.most.gov.tw/zh-tw/Feature/C/0/13/10/26/1466.htm"
"253","劉百佳","國立東華大學藝術創意產業學系視覺藝術教育研究所王曉鈴","白領犯罪與企業社會責任(四)：插在道德良知上的「利」刃","2014/5/2","https://scitechvista.most.gov.tw/zh-tw/Feature/C/0/13/10/26/1455.htm"
"254","林宜穎","國立東華大學社會學系","白領犯罪與企業社會責任(五)：重振企業誠信與社會責任刻不容緩","2014/5/2","https://scitechvista.most.gov.tw/zh-tw/Feature/C/0/13/10/26/1454.htm"
"255","林宗德","國立清華大學通識中心暨社會學研究所","人與機器人互動：序言","2014/4/29","https://scitechvista.most.gov.tw/zh-tw/Feature/C/0/13/10/26/1446.htm"
"256","林宗德","國立清華大學通識中心暨社會學研究所","人與機器人互動（一）：擬人化","2014/4/29","https://scitechvista.most.gov.tw/zh-tw/Feature/C/0/13/10/26/1445.htm"
"257","林宗德","國立清華大學通識中心暨社會學研究所","人與機器人互動（二）： 機器人的外表（上）","2014/4/28","https://scitechvista.most.gov.tw/zh-tw/Feature/C/0/13/10/26/1444.htm"
"258","林宗德","國立清華大學通識中心暨社會學研究所","人與機器人互動（三）： 情緒","2014/4/28","https://scitechvista.most.gov.tw/zh-tw/Feature/C/0/13/10/26/1443.htm"
"259","林宗德","國立清華大學通識中心暨社會學研究所","人與機器人互動（四）：機器人的外表(下)","2014/4/25","https://scitechvista.most.gov.tw/zh-tw/Feature/C/0/13/10/26/1442.htm"
"260","林宗德","國立清華大學通識中心暨社會學研究所","人與機器人互動（五）：遠距互動","2014/4/24","https://scitechvista.most.gov.tw/zh-tw/Feature/C/0/13/10/26/1440.htm"
"261","林宗德","國立清華大學通識中心暨社會學研究所","人與機器人互動（六）：身體","2014/4/24","https://scitechvista.most.gov.tw/zh-tw/Feature/C/0/13/10/27/1439.htm"
"262","楊敦凱","國立中山大學資訊管理系","災難救援「網」前衝：當科技遇上災難","2014/4/9","https://scitechvista.most.gov.tw/zh-tw/Feature/C/0/13/10/27/1393.htm"
"263","游思佳","國立中山大學資訊管理系","災難救援「網」前衝（一）：災後協尋網路平台","2014/4/9","https://scitechvista.most.gov.tw/zh-tw/Feature/C/0/13/10/27/1392.htm"
"264","謝承哲","國立中山大學資訊管理系","災難救援「網」前衝（二）：有「備」無患—異地備援","2014/4/9","https://scitechvista.most.gov.tw/zh-tw/Feature/C/0/13/10/27/1391.htm"
"265","劉子綾","國立中山大學資訊管理研究所","災難救援「網」前衝（三）：災害於社群媒體快速傳播的現象","2014/4/9","https://scitechvista.most.gov.tw/zh-tw/Feature/C/0/13/10/27/1390.htm"
"266","戴嘉良","國立中山大學資訊管理研究所","災難救援「網」前衝（四）：網路防災地圖與防災APP","2014/4/9","https://scitechvista.most.gov.tw/zh-tw/Feature/C/0/13/10/27/1389.htm"
"267","楊宗穎","國立中山大學資訊管理系","災難救援「網」前衝（五）：災後募款與群眾募資","2014/4/9","https://scitechvista.most.gov.tw/zh-tw/Feature/C/0/13/10/27/1388.htm"
"268","柯廷龍","國立臺灣大學科學教育發展中心","高科技材料專題（四）：高科技材料何去何從？","2014/4/9","https://scitechvista.most.gov.tw/zh-tw/Feature/C/0/13/10/27/1387.htm"
"269","陳藹然","國立臺灣大學科學教育發展中心","高科技材料專題：高科技的未來","2014/4/8","https://scitechvista.most.gov.tw/zh-tw/Feature/C/0/13/10/27/1386.htm"
"270","蔡宗樺","國立成功大學生命科學研究所","高科技材料專題（一）：石墨烯的新功能","2014/4/8","https://scitechvista.most.gov.tw/zh-tw/Feature/C/0/13/10/27/1385.htm"
"271","蔡宗樺","國立成功大學生命科學研究所","高科技材料專題（二）：超原子？超級的原子？","2014/4/8","https://scitechvista.most.gov.tw/zh-tw/Feature/C/0/13/10/28/1384.htm"
"272","葉承効","國立臺灣大學科學教育發展中心","高科技材料專題（三）：螃蟹殼成為新電池材料","2014/4/8","https://scitechvista.most.gov.tw/zh-tw/Feature/C/0/13/10/28/1383.htm"
"273","柯廷龍","國立臺灣大學科學教育發展中心","高科技材料專題（四）：高科技材料何去何從？","2014/4/8","https://scitechvista.most.gov.tw/zh-tw/Feature/C/0/13/10/28/1382.htm"
"274","柯廷龍","國立臺灣大學科學教育發展中心","高科技材料專題（四）：高科技材料何去何從？","2014/4/7","https://scitechvista.most.gov.tw/zh-tw/Feature/C/0/13/10/28/1377.htm"
"275","劉馨文","國立中山大學傳播管理研究所","新媒體，新生活：新科技觸動新媒體","2014/2/20","https://scitechvista.most.gov.tw/zh-tw/Feature/C/0/13/10/28/1318.htm"
"276","吳宇翔","國立中山大學傳播管理研究所","新媒體，新生活(一）：新思維推動世界–TED演講","2014/2/20","https://scitechvista.most.gov.tw/zh-tw/Feature/C/0/13/10/28/1317.htm"
"277","張宛如","國立中山大學資訊管理系蘇鈺婷","新媒體，新生活(二)維基百科集體編輯","2014/2/19","https://scitechvista.most.gov.tw/zh-tw/Feature/C/0/13/10/28/1316.htm"
"278","黃盈慈","國立中山大學傳播管理研究所","新媒體，新生活(三)：現代人際交往的催化劑–社群網站","2014/2/19","https://scitechvista.most.gov.tw/zh-tw/Feature/C/0/13/10/28/1315.htm"
"279","黃盈慈","國立中山大學傳播管理研究所","新媒體，新生活(四)：想看什麼由我主導–影音媒體平台","2014/2/19","https://scitechvista.most.gov.tw/zh-tw/Feature/C/0/13/10/28/1314.htm"
"280","吳宇翔","國立中山大學傳播管理研究所","新媒體，新生活(五)：網際網路與公共領域的實踐","2014/2/19","https://scitechvista.most.gov.tw/zh-tw/Feature/C/0/13/10/28/1313.htm"
"281","周愛鵑","台灣大學生命科學所","未來燃料(一)世上最大核融合計畫面臨關鍵時刻","2014/2/14","https://scitechvista.most.gov.tw/zh-tw/Feature/C/0/13/10/29/1304.htm"
"282","周愛鵑","台灣大學生命科學所","未來燃料 (二)德國高昂的捐稅使綠能不得儲存","2014/2/14","https://scitechvista.most.gov.tw/zh-tw/Feature/C/0/13/10/29/1303.htm"
"283","周愛鵑","台灣大學生命科學所","未來燃料 (三)英國頁岩氣儲量超乎預期","2014/2/14","https://scitechvista.most.gov.tw/zh-tw/Feature/C/0/13/10/29/1302.htm"
"284","周愛鵑","台灣大學生命科學所","未來燃料(四)石油枯竭的威脅已經消退","2014/2/14","https://scitechvista.most.gov.tw/zh-tw/Feature/C/0/13/10/29/1301.htm"
"285","楊宗穎","國立中山大學資訊管理系","行動商務：what’s 購ing on ？","2014/2/13","https://scitechvista.most.gov.tw/zh-tw/Feature/C/0/13/10/29/1281.htm"
"286","張宛如","國立中山大學資訊管理系","行動商務(一)：讓手機成為你的錢包吧","2014/2/13","https://scitechvista.most.gov.tw/zh-tw/Feature/C/0/13/10/29/1279.htm"
"287","蘇鈺婷","國立中山大學資訊管理系","行動商務(二)：創新的行銷溝通–行動行銷","2014/2/13","https://scitechvista.most.gov.tw/zh-tw/Feature/C/0/13/10/29/1277.htm"
"288","劉子綾","國立中山大學資訊管理系","行動商務(三)：今天手機「購」了嗎？","2014/2/13","https://scitechvista.most.gov.tw/zh-tw/Feature/C/0/13/10/29/1274.htm"
"289","楊宗穎","國立中山大學資訊管理系","行動商務(四)：為何這些app可以賺很大？","2014/2/13","https://scitechvista.most.gov.tw/zh-tw/Feature/C/0/13/10/29/1272.htm"
"290","謝承哲","國立中山大學資訊管理研究所","行動商務(五)：行動商務有「購」安全","2014/2/13","https://scitechvista.most.gov.tw/zh-tw/Feature/C/0/13/10/29/1271.htm"
"291","李天申","國立臺灣大學公共行政學系","災難，然後","2013/12/16","https://scitechvista.most.gov.tw/zh-tw/Feature/C/0/13/10/30/1032.htm"
"292","潘昌志","自由科學作家","災難，然後（一）：心理的創傷","2013/12/16","https://scitechvista.most.gov.tw/zh-tw/Feature/C/0/13/10/30/1031.htm"
"293","陳慈忻","國立臺灣大學地理環境資源學系","災難，然後（二）：社工的價值","2013/12/16","https://scitechvista.most.gov.tw/zh-tw/Feature/C/0/13/10/30/1030.htm"
"294","潘昌志","自由科學作家","災難，然後（三）：遷村的思維","2013/12/16","https://scitechvista.most.gov.tw/zh-tw/Feature/C/0/13/10/30/1029.htm"
"295","陳慈忻","國立臺灣大學地理環境資源學系","災難，然後（四）：媒體的角色","2013/12/16","https://scitechvista.most.gov.tw/zh-tw/Feature/C/0/13/10/30/1028.htm"
"296","陳慈忻","國立臺灣大學地理環境資源學系","災難，然後（五）：社會的韌性","2013/12/16","https://scitechvista.most.gov.tw/zh-tw/Feature/C/0/13/10/30/1025.htm"
"297","鄭文","國立臺灣大學科學教育發展中心李冠群","微生物與有機農業：小兵立大功的微生物","2013/11/5","https://scitechvista.most.gov.tw/zh-tw/Feature/C/0/13/10/30/854.htm"
"298","李冠群","國立臺灣師範大學生命科學系李遠豐","微生物與有機農業（一）：有機農業的概念","2013/11/5","https://scitechvista.most.gov.tw/zh-tw/Feature/C/0/13/10/30/853.htm"
"299","李冠群","國立臺灣師範大學生命科學系李遠豐","微生物與有機農業（二）：有益微生物與植物的健康","2013/11/5","https://scitechvista.most.gov.tw/zh-tw/Feature/C/0/13/10/30/852.htm"
"300","李冠群","國立臺灣師範大學生命科學系李遠豐","微生物與有機農業（三）：土壤微生物的功用","2013/11/5","https://scitechvista.most.gov.tw/zh-tw/Feature/C/0/13/10/30/851.htm"
"301","李冠群","國立臺灣師範大學生命科學系李遠豐","微生物與有機農業（四）：微生物製劑的應用","2013/11/5","https://scitechvista.most.gov.tw/zh-tw/Feature/C/0/13/10/31/847.htm"
"302","潘一帆","國立臺灣大學科學教育發展中心","科學教育（導言）：大家都該關心科學教育","2013/10/14","https://scitechvista.most.gov.tw/zh-tw/Feature/C/0/13/10/31/744.htm"
"303","潘一帆","國立臺灣大學科學教育發展中心","科學教育（一）：發展中國家的教育挑戰","2013/10/14","https://scitechvista.most.gov.tw/zh-tw/Feature/C/0/13/10/31/743.htm"
"304","葉承効","國立臺灣大學科學教育發展中心","科學教育（二）：實體與虛擬實驗室","2013/10/14","https://scitechvista.most.gov.tw/zh-tw/Feature/C/0/13/10/31/742.htm"
"305","柯廷龍","國立臺灣大學科學教育發展中心","科學教育（三）：教師也需要進步","2013/10/11","https://scitechvista.most.gov.tw/zh-tw/Feature/C/0/13/10/31/741.htm"
"306","柯廷龍","國立臺灣大學科學教育發展中心","科學教育（四）：我們能學以致用嗎？","2013/10/9","https://scitechvista.most.gov.tw/zh-tw/Feature/C/0/13/10/31/740.htm"
"307","葉承効","國立臺灣大學科學教育發展中心","科學教育（五）：教師領導角色的重要性","2013/10/9","https://scitechvista.most.gov.tw/zh-tw/Feature/C/0/13/10/31/739.htm"
"308","張春炎","卓越新聞獎基金會","氣候變遷：行動當從累積知識開始","2013/9/30","https://scitechvista.most.gov.tw/zh-tw/Feature/C/0/13/10/31/694.htm"
"309","譚偉恩","政治大學外交系張春炎","氣候變遷（一）：氣候變遷恐助長流感大流行","2013/9/30","https://scitechvista.most.gov.tw/zh-tw/Feature/C/0/13/10/31/693.htm"
"310","譚偉恩","政治大學外交學系","氣候變遷（二）：氣候變遷與臺灣水資源問題","2013/9/30","https://scitechvista.most.gov.tw/zh-tw/Feature/C/0/13/10/31/692.htm"
"311","譚偉恩","政治大學外交系張春炎","氣候變遷（三）：解開氣候變遷爭辯之迷","2013/9/30","https://scitechvista.most.gov.tw/zh-tw/Feature/C/0/13/10/32/691.htm"
"312","譚偉恩","政治大學外交系張春炎","氣候變遷（四）：TPP談判  如何回應氣候變遷議題是考驗","2013/8/29","https://scitechvista.most.gov.tw/zh-tw/Feature/C/0/13/10/32/568.htm"
"313","譚偉恩","國立政治大學外交學系張春炎","氣候變遷（五）：氣候變遷對水資源安全的威脅","2013/8/28","https://scitechvista.most.gov.tw/zh-tw/Feature/C/0/13/10/32/567.htm"
"314","譚偉恩","國立政治大學外交學系","氣候變遷（六）：氣候變遷對島嶼國家的影響 臺灣應關切","2013/8/28","https://scitechvista.most.gov.tw/zh-tw/Feature/C/0/13/10/32/559.htm"
"315","林欣柔","國立交通大學科技法律研究所暨科技與社會中心智庫研究團隊","你不可不知的雲端儲存服務：導言","2013/8/26","https://scitechvista.most.gov.tw/zh-tw/Feature/C/0/13/10/32/545.htm"
"316","林欣柔","國立交通大學科技法律研究所暨科技與社會中心智庫研究團隊","雲端儲存（一）：帶我上雲端！迎接網路雲端儲存新時代","2013/8/26","https://scitechvista.most.gov.tw/zh-tw/Feature/C/0/13/10/32/543.htm"
"317","王蒞君","國立交通大學電機工程系暨科技與社會中心智庫研究團隊林家瑜","雲端儲存（二）：你不可不知的雲端儲存服務","2013/8/26","https://scitechvista.most.gov.tw/zh-tw/Feature/C/0/13/10/32/538.htm"
"318","王蒞君","國立交通大學電機工程系暨科技與社會中心智庫研究團隊","雲端儲存（三）：把資料拆開放?雲端分散式儲存系統","2013/8/22","https://scitechvista.most.gov.tw/zh-tw/Feature/C/0/13/10/32/534.htm"
"319","王蒞君","國立交通大學電機工程系暨科技與社會中心智庫研究團隊陳昱嘉","雲端儲存（四）：當白雲變烏雲 淺談雲端資安","2013/8/22","https://scitechvista.most.gov.tw/zh-tw/Feature/C/0/13/10/32/533.htm"
"320","王蒞君","國立交通大學電機工程系暨科技與社會中心智庫研究團隊陳昱嘉","雲端儲存（五）：雲端資料救援","2013/8/22","https://scitechvista.most.gov.tw/zh-tw/Feature/C/0/13/10/32/532.htm"
"321","林欣柔","國立交通大學科技法律研究所暨科技與社會中心智庫研究團隊","雲端儲存（六）：從資料雲海看穿你的心！雲端與海量資料分析","2013/8/22","https://scitechvista.most.gov.tw/zh-tw/Feature/C/0/13/10/33/530.htm"
"322","林宜平","國立陽明大學科技與社會研究所","奈米科技的健康風險：導言","2013/8/20","https://scitechvista.most.gov.tw/zh-tw/Feature/C/0/13/10/33/529.htm"
"323","林宜平","國立陽明大學科技與社會研究所","奈米科技的健康風險（一）：奈米獵殺？","2013/8/20","https://scitechvista.most.gov.tw/zh-tw/Feature/C/0/13/10/33/528.htm"
"324","鄭尊仁","國立台灣大學職業醫學與工業衛生研究所","奈米科技的健康風險（二）：奈米微粒有毒嗎？","2013/8/20","https://scitechvista.most.gov.tw/zh-tw/Feature/C/0/13/10/33/527.htm"
"325","鄭尊仁","國立台灣大學職業醫學與工業衛生研究所","奈米科技的健康風險（三）：人造奈米材料的健康風險","2013/8/20","https://scitechvista.most.gov.tw/zh-tw/Feature/C/0/13/10/33/526.htm"
"326","林宜平","國立陽明大學科技與社會研究所","奈米科技的健康風險（四）：奈米材料知多少","2013/8/20","https://scitechvista.most.gov.tw/zh-tw/Feature/C/0/13/10/33/525.htm"
"327","林宜平","國立陽明大學科技與社會研究所","奈米科技的健康風險（五）：五花八門的奈米產品","2013/8/20","https://scitechvista.most.gov.tw/zh-tw/Feature/C/0/13/10/33/524.htm"
"328","林宜平","國立陽明大學科技與社會研究所","奈米科技的健康風險（六）：奈米科技的創新與預警","2013/8/20","https://scitechvista.most.gov.tw/zh-tw/Feature/C/0/13/10/33/523.htm"
"329","陳慈忻","國立臺灣大學地理環境資源學系","與災共生（二）：當坡地遇上開發","2013/8/16","https://scitechvista.most.gov.tw/zh-tw/Feature/C/0/13/10/33/499.htm"
"330","李柏昱","國立臺灣大學地理環境資源學系","與災共生（三）：當城市遇上洪水","2013/8/16","https://scitechvista.most.gov.tw/zh-tw/Feature/C/0/13/10/33/498.htm"
"331","潘昌志","自由科學作家","與災共生（四）：當社區成為防災前線","2013/8/15","https://scitechvista.most.gov.tw/zh-tw/Feature/C/0/13/10/34/497.htm"
"332","李柏昱","國立臺灣大學地理環境資源學系","與災共生（五）：當橋梁遇上光纖","2013/8/15","https://scitechvista.most.gov.tw/zh-tw/Feature/C/0/13/10/34/495.htm"
"333","張春炎","卓越新聞獎基金會","環境政治：全球環境問題下的國際政治","2013/8/12","https://scitechvista.most.gov.tw/zh-tw/Feature/C/0/13/10/34/493.htm"
"334","余佳璋","公共電視新聞部張春炎","環境政治（一）：步入後《京都議定書時代》 各國矛盾仍待化解","2013/8/12","https://scitechvista.most.gov.tw/zh-tw/Feature/C/0/13/10/34/492.htm"
"335","余佳璋","公共電視新聞部張春炎","環境政治（二）：亞太碳交易市場受關注 臺灣政策準備不可少","2013/8/12","https://scitechvista.most.gov.tw/zh-tw/Feature/C/0/13/10/34/490.htm"
"336","余佳璋","公共電視新聞部張春炎","環境政治（三）：南海仁愛暗沙 海洋資源衝突點","2013/8/9","https://scitechvista.most.gov.tw/zh-tw/Feature/C/0/13/10/34/484.htm"
"337","陳昱錡","卓越新聞獎基金會張春炎","環境政治（四）：企業環保與節能減碳趨勢","2013/8/9","https://scitechvista.most.gov.tw/zh-tw/Feature/C/0/13/10/34/483.htm"
"338","陳昱錡","卓越新聞獎基金會張春炎","環境政治（五）：湄公河區域合作和環保議題","2013/8/9","https://scitechvista.most.gov.tw/zh-tw/Feature/C/0/13/10/34/482.htm"
"339","林宜","卓越新聞獎基金會張春炎","環境政治（六）：政治突圍 環境NGO的國際參與","2013/8/9","https://scitechvista.most.gov.tw/zh-tw/Feature/C/0/13/10/34/481.htm"
"340","張春炎","卓越新聞獎基金會","環境與糧食：起步走 為糧食危機做好準備","2013/8/2","https://scitechvista.most.gov.tw/zh-tw/Feature/C/0/13/10/34/457.htm"
"341","王凱","資深媒體人","環境與糧食（一）：糧食危機蠢蠢欲動 學者呼籲全面迎戰刻不容緩","2013/8/2","https://scitechvista.most.gov.tw/zh-tw/Feature/C/0/13/10/35/456.htm"
"342","王凱","資深媒體人","環境與糧食（二）：迎戰糧食危機 未來因應對策掀起多元討論","2013/8/2","https://scitechvista.most.gov.tw/zh-tw/Feature/C/0/13/10/35/455.htm"
"343","侯俐安","聯合報林怡伶","環境與糧食（三）：農地復耕迎戰糧食危機  水梯田種出農業希望","2013/7/31","https://scitechvista.most.gov.tw/zh-tw/Feature/C/0/13/10/35/450.htm"
"344","王凱","資深媒體人林怡伶","環境與糧食（四）：找回消失的黃豆 學者提出有機雜糧救國論","2013/7/29","https://scitechvista.most.gov.tw/zh-tw/Feature/C/0/13/10/35/440.htm"
"345","侯俐安","中國時報王凱","環境與糧食（五）：用消費支持農業 以行動迎戰糧食危機","2013/7/29","https://scitechvista.most.gov.tw/zh-tw/Feature/C/0/13/10/35/436.htm"
"346","王凱","資深媒體人侯俐安","環境與糧食（六）：提高糧食自給 學者提倡亞熱帶糧食生產模式","2013/7/29","https://scitechvista.most.gov.tw/zh-tw/Feature/C/0/13/10/35/434.htm"
"347","李天申","國立臺灣大學政治學研究所","防災2.0專題：導言","2013/6/28","https://scitechvista.most.gov.tw/zh-tw/Feature/C/0/13/10/35/383.htm"
"348","陳慈忻","國立臺灣大學地理環境資源學系","防災2.0（一）專題： 開放資料 時空演繹力","2013/6/28","https://scitechvista.most.gov.tw/zh-tw/Feature/C/0/13/10/35/382.htm"
"349","陳慈忻","國立臺灣大學地理環境資源學系","防災2.0專題（二）： 防災雲端 超級運算力","2013/6/28","https://scitechvista.most.gov.tw/zh-tw/Feature/C/0/13/10/35/381.htm"
"350","陳慈忻","國立臺灣大學地理環境資源學系","防災2.0專題（三）：群眾外包 網民行動力","2013/6/28","https://scitechvista.most.gov.tw/zh-tw/Feature/C/0/13/10/35/380.htm"
"351","李柏昱","國立臺灣大學地理環境資源學系","防災2.0專題（四）：運籌帷幄 決策系統力","2013/6/27","https://scitechvista.most.gov.tw/zh-tw/Feature/C/0/13/10/36/378.htm"
"352","李柏昱","國立臺灣大學地理環境資源學系","防災2.0專題（五）：資訊志工 官民合作力","2013/6/25","https://scitechvista.most.gov.tw/zh-tw/Feature/C/0/13/10/36/373.htm"
"353","林宗德","國立清華大學通識中心暨社會學研究所","機器人戲劇：序言","2013/6/17","https://scitechvista.most.gov.tw/zh-tw/Feature/C/0/13/10/36/365.htm"
"354","林宗德","國立清華大學通識中心暨社會學研究所","機器人戲劇（一）：擬真機器人是怎麼做的?","2013/6/17","https://scitechvista.most.gov.tw/zh-tw/Feature/C/0/13/10/36/364.htm"
"355","尤苡人","國立台灣大學戲劇研究所","機器人戲劇（二）：〈工作的我〉","2013/6/17","https://scitechvista.most.gov.tw/zh-tw/Feature/C/0/13/10/36/363.htm"
"356","林宗德","國立清華大學通識中心暨社會學研究所","機器人戲劇（三）：〈機器人版森林深處〉","2013/6/17","https://scitechvista.most.gov.tw/zh-tw/Feature/C/0/13/10/36/362.htm"
"357","尤苡人","國立台灣大學戲劇研究所","機器人戲劇（四）：〈再會〉","2013/6/17","https://scitechvista.most.gov.tw/zh-tw/Feature/C/0/13/10/36/361.htm"
"358","尤苡人","國立台灣大學戲劇研究所","機器人戲劇（五）：〈擬真機器人版三姊妹〉","2013/6/17","https://scitechvista.most.gov.tw/zh-tw/Feature/C/0/13/10/36/360.htm"
"359","林宗德","國立清華大學通識中心暨社會學研究所","機器人戲劇（六）：戲裡戲外的機器人","2013/6/17","https://scitechvista.most.gov.tw/zh-tw/Feature/C/0/13/10/36/359.htm"
"360","趙揚光","國立臺灣大學科學教育發展中心","棒球專題：序言－棒球科學的奧妙","2013/5/29","https://scitechvista.most.gov.tw/zh-tw/Feature/C/0/13/10/36/301.htm"
"361","葉承効","自由撰稿者","棒球專題（一）：變化球是怎麼投出來的？","2013/5/29","https://scitechvista.most.gov.tw/zh-tw/Feature/C/0/13/10/37/300.htm"
"362","葉承効","自由撰稿者","棒球專題（二）：擊球瞬間","2013/5/29","https://scitechvista.most.gov.tw/zh-tw/Feature/C/0/13/10/37/299.htm"
"363","葉承効","自由撰稿者","棒球專題（三）：該怎麼選擇球棒呢？","2013/5/27","https://scitechvista.most.gov.tw/zh-tw/Feature/C/0/13/10/37/297.htm"
"364","葉承効","自由撰稿者","棒球專題（四）：棒球轉播中的球路分析","2013/5/27","https://scitechvista.most.gov.tw/zh-tw/Feature/C/0/13/10/37/296.htm"
"365","張春炎","卓越新聞獎基金會","環境科學專題導言：別讓天災變人禍","2013/5/17","https://scitechvista.most.gov.tw/zh-tw/Feature/C/0/13/10/37/263.htm"
"366","胡慕情","獨立環境記者林怡伶","環境科學（一）：氣候災難更頻繁  急需預警機制","2013/5/15","https://scitechvista.most.gov.tw/zh-tw/Feature/C/0/13/10/37/258.htm"
"367","胡慕情","獨立環境記者林怡伶","環境科學（二）：阿里山發展觀光  崩塌問題難解","2013/5/15","https://scitechvista.most.gov.tw/zh-tw/Feature/C/0/13/10/37/255.htm"
"368","胡慕情","獨立環境記者林怡伶","環境科學（三）：極端氣候頻仍，工程手段不是安全保證","2013/5/15","https://scitechvista.most.gov.tw/zh-tw/Feature/C/0/13/10/37/254.htm"
"369","胡慕情","獨立環境記者林怡伶","環境科學(四）：風災後3年 災區重建政策待檢討","2013/5/15","https://scitechvista.most.gov.tw/zh-tw/Feature/C/0/13/10/37/253.htm"
"370","胡慕情","獨立環境記者林怡伶","環境科學（五）：恐天災碰核災 歐專家來台助核安測試","2013/5/15","https://scitechvista.most.gov.tw/zh-tw/Feature/C/0/13/10/37/248.htm"
"371","胡慕情","獨立環境記者林怡伶","環境科學（六）：當核電位在地震帶  安全評估需更謹慎","2013/5/15","https://scitechvista.most.gov.tw/zh-tw/Feature/C/0/13/10/38/247.htm"
"372","張春炎","卓越新聞獎基金會","環境與廢棄物導言：垃圾搖身也能變資源","2013/5/13","https://scitechvista.most.gov.tw/zh-tw/Feature/C/0/13/10/38/227.htm"
"373","劉力仁","自由時報林怡伶","環境與廢棄物（一）：金門高梁酒糟再利用","2013/5/13","https://scitechvista.most.gov.tw/zh-tw/Feature/C/0/13/10/38/225.htm"
"374","劉力仁","自由時報林怡伶","環境與廢棄物（二）：海洋悲歌？智慧科技？環保署研擬事業廢棄物填海造島引爭議","2013/5/13","https://scitechvista.most.gov.tw/zh-tw/Feature/C/0/13/10/38/223.htm"
"375","劉力仁","自由時報林怡伶","環境與廢棄物（三）：「從搖籃到搖籃」廢鉛蓄電池走向綠色處理之路","2013/5/13","https://scitechvista.most.gov.tw/zh-tw/Feature/C/0/13/10/38/222.htm"
"376","劉力仁","自由時報林怡伶","環境與廢棄物（四）：養豬業升級為綠能產業","2013/5/9","https://scitechvista.most.gov.tw/zh-tw/Feature/C/0/13/10/38/221.htm"
"377","劉力仁","自由時報林怡伶","環境與廢棄物（五）：再生綠建材-讓老建物美麗轉世","2013/5/9","https://scitechvista.most.gov.tw/zh-tw/Feature/C/0/13/10/38/220.htm"
"378","劉力仁","自由時報張春炎","環境與廢棄物（六）：要光亮也要健康-含汞燈具全部納入回收體系","2013/5/9","https://scitechvista.most.gov.tw/zh-tw/Feature/C/0/13/10/38/219.htm"
"379","李天申","國立臺灣大學政治學研究所","防災預警科技：導言","2013/4/11","https://scitechvista.most.gov.tw/zh-tw/Feature/C/0/13/10/38/207.htm"
"380","李柏昱","國立臺灣大學地理環境資源學系","防災預警科技(一)：強颱臨頭  團結聚力預報更準","2013/4/10","https://scitechvista.most.gov.tw/zh-tw/Feature/C/0/13/10/38/206.htm"
"381","陳慈忻","國立臺灣大學地理環境資源學系","防災預警科技(二)：無山不崩  雷達測雨全面網羅","2013/4/10","https://scitechvista.most.gov.tw/zh-tw/Feature/C/0/13/10/39/205.htm"
"382","李柏昱","國立臺灣大學地理環境資源學系","防災預警科技(三)：風神駕到  難以捉摸龍捲風暴","2013/4/10","https://scitechvista.most.gov.tw/zh-tw/Feature/C/0/13/10/39/204.htm"
"383","陳慈忻","國立臺灣大學地理環境資源學系","防災預警科技(四)：地動天搖  地震預警分秒必爭","2013/4/10","https://scitechvista.most.gov.tw/zh-tw/Feature/C/0/13/10/39/203.htm"
"384","李柏昱","國立臺灣大學地理環境資源學系","防災預警科技(五)：沙塵蓋目  不速之客千里而來","2013/4/10","https://scitechvista.most.gov.tw/zh-tw/Feature/C/0/13/10/39/202.htm"
"385","林欣柔","國立交通大學科技法律研究所","雲端科技：導言","2013/3/21","https://scitechvista.most.gov.tw/zh-tw/Feature/C/0/13/10/39/185.htm"
"386","王蒞君","國立交通大學電機工程系林家瑜","雲端科技(一)：雲端科技在醫療照護上之應用","2013/3/21","https://scitechvista.most.gov.tw/zh-tw/Feature/C/0/13/10/39/184.htm"
"387","王蒞君","國立交通大學電機工程系林家瑜","雲端科技(二)：電子病歷與醫療雲","2013/3/21","https://scitechvista.most.gov.tw/zh-tw/Feature/C/0/13/10/39/183.htm"
"388","王蒞君","國立交通大學電機工程系林家瑜","雲端科技(三)：保健雲","2013/3/19","https://scitechvista.most.gov.tw/zh-tw/Feature/C/0/13/10/39/182.htm"
"389","王蒞君","國立交通大學電機工程系林家瑜","雲端科技(四)：看雲端科技如何提供個人化遠距醫療照護","2013/3/19","https://scitechvista.most.gov.tw/zh-tw/Feature/C/0/13/10/39/181.htm"
"390","林欣柔","國立交通大學科技法律研究所","雲端科技(五)：隱私在雲端？雲端科技對個人資訊保護之影響","2013/3/19","https://scitechvista.most.gov.tw/zh-tw/Feature/C/0/13/10/39/180.htm"
"391","林欣柔","國立交通大學科技法律研究所","雲端科技(六)：「健康雲」的願景與挑戰","2013/3/19","https://scitechvista.most.gov.tw/zh-tw/Feature/C/0/13/10/40/179.htm"
"392","李天申","國立臺灣大學政治學研究所","重溫2012：序言","2013/2/22","https://scitechvista.most.gov.tw/zh-tw/Feature/C/0/13/10/40/164.htm"
"393","陳慈忻","國立臺灣大學地理環境資源學系","重溫2012(一)：理性看森林火燒","2013/2/22","https://scitechvista.most.gov.tw/zh-tw/Feature/C/0/13/10/40/163.htm"
"394","陳慈忻","國立臺灣大學地理環境資源學系","重溫2012報導(二)：土石流之險","2013/2/22","https://scitechvista.most.gov.tw/zh-tw/Feature/C/0/13/10/40/162.htm"
"395","陳慈忻","國立臺灣大學地理環境資源學系","重溫2012(三)：火山的生命","2013/2/22","https://scitechvista.most.gov.tw/zh-tw/Feature/C/0/13/10/40/160.htm"
"396","陳慈忻","國立臺灣大學地理環境資源學系","重溫2012(四)：知颱才能治颱","2013/2/22","https://scitechvista.most.gov.tw/zh-tw/Feature/C/0/13/10/40/159.htm"
"397","陳慈忻","國立臺灣大學地理環境資源學系","重溫2012(五)：地震都在下班後？","2013/2/21","https://scitechvista.most.gov.tw/zh-tw/Feature/C/0/13/10/40/158.htm"
"398","潘美玲","國立交通大學人文社會學系","太陽光電：序言","2013/2/8","https://scitechvista.most.gov.tw/zh-tw/Feature/C/0/13/10/40/153.htm"
"399","國立交通大學人文社會學系","潘美玲","太陽光電(一)：太陽能帶來福島新生機","2013/2/8","https://scitechvista.most.gov.tw/zh-tw/Feature/C/0/13/10/40/152.htm"
"400","胡湘玲","社團法人台灣汗得文化協會","太陽光電(二)：太陽光電-太陽帶的陽光選擇","2013/2/8","https://scitechvista.most.gov.tw/zh-tw/Feature/C/0/13/10/40/151.htm"
"401","胡湘玲","社團法人台灣汗得文化協會","太陽光電(三)：太陽光電-順其自然的發電方式","2013/2/7","https://scitechvista.most.gov.tw/zh-tw/Feature/C/0/13/10/41/150.htm"
"402","胡湘玲","社團法人台灣汗得文化協會","太陽光電(四)：太陽熱能-直覺的生活科技","2013/2/7","https://scitechvista.most.gov.tw/zh-tw/Feature/C/0/13/10/41/149.htm"
"403","胡湘玲","社團法人台灣汗得文化協會","太陽光電(五)：太陽房子","2013/2/7","https://scitechvista.most.gov.tw/zh-tw/Feature/C/0/13/10/41/148.htm"
"404","潘美玲","國立交通大學人文社會學系","太陽光電(六)：「養水種電」-屏東縣的太陽光電產業","2013/2/7","https://scitechvista.most.gov.tw/zh-tw/Feature/C/0/13/10/41/147.htm"
"405","李天申","國立臺灣大學政治學研究所","氣候變遷下的災難須知","2013/2/7","https://scitechvista.most.gov.tw/zh-tw/Feature/C/0/13/10/41/146.htm"
"406","陳慈忻","國立臺灣大學地理環境資源學系","氣候變遷下的災難須知(一)：全球暖化不是你想的那樣","2013/2/6","https://scitechvista.most.gov.tw/zh-tw/Feature/C/0/13/10/41/144.htm"
"407","陳慈忻","國立臺灣大學地理環境資源學系","氣候變遷下的災難須知(二)：決策者需要最完整的災變資訊","2013/2/6","https://scitechvista.most.gov.tw/zh-tw/Feature/C/0/13/10/41/143.htm"
"408","陳慈忻","國立臺灣大學地理環境資源學系","氣候變遷下的災難須知(三)：災難風險評估不能只靠科學","2013/2/6","https://scitechvista.most.gov.tw/zh-tw/Feature/C/0/13/10/41/142.htm"
"409","陳慈忻","國立臺灣大學地理環境資源學系","氣候變遷下的災難須知(四)：應對氣候災難  政府應更重視民間發聲","2013/2/6","https://scitechvista.most.gov.tw/zh-tw/Feature/C/0/13/10/41/141.htm"
"410","陳慈忻","國立臺灣大學地理環境資源學系","氣候變遷下的災難須知(五)：用實踐切入國際議程  台灣要更積極","2013/2/6","https://scitechvista.most.gov.tw/zh-tw/Feature/C/0/13/10/41/140.htm"
